Предложения ,DeepSeek-V3,GPT-3.5,LLama-3.3,Google Gemini-1.5,YandexGPT,,,
"В каком-то смысле реклама отражает время, то есть существует спрос, и определенные товары выполняют его.","В каком-то смысле реклама отражает время: существует спрос, и определённые товары удовлетворяют его.","В каком-то смысле реклама отражает время, то есть существует спрос, и определённые товары его выполняют.","В каком-то смысле реклама отражает время, то есть существует спрос, и определенные товары удовлетворяют его.","В каком-то смысле реклама отражает время, то есть существует спрос, и определенные товары его удовлетворяют.","В каком-то смысле реклама отражает время, то есть существует спрос, и определённые товары удовлетворяют его.",,"В каком-то смысле реклама отражает время, то есть существует спрос, и определенные товары отвечают ему",
"Кочегар – пероидически положит уголь в камин, на пример, в старом поезде, чтобы огонь не кончился.","Кочегар периодически подкладывает уголь в топку, например, в старом поезде, чтобы огонь не гас.","Кочегар периодически кладёт уголь в камин, например, в старом поезде, чтобы огонь не погас.","Кочегар – периодически положит уголь в камин, например, в старом поезде, чтобы огонь не кончился.","Кочегар периодически подкладывает уголь в камин, например, в старом поезде, чтобы огонь не погас.","Кочегар периодически подкладывает уголь в камин, например, в старом поезде, чтобы огонь не погас.",,"Кочегар время от времени  кладет уголь в камин, как, например, в старых поездах  чтобы огонь не кончился.",
"Вода нам очень важна, потому что все организмы на свете зависят от воды для существования.","Вода очень важна, потому что все организмы на свете не могут существовать без воды.","Вода нам очень важна, потому что все организмы на свете зависят от неё для существования.","Вода нам очень важна, потому что все организмы на свете зависят от воды для существования.","Вода нам очень важна, потому что все организмы на свете зависят от воды для существования.","Вода нам очень важна, потому что все организмы на Земле зависят от воды для существования.",,"Вода нам очень важна, потому что все организмы на свете зависят от воды.",
"Татаро-монгольское нашествие было насильственным действием против славян, а иго было стабилизации татарского правила в течение времени.","Татаро-монгольское нашествие было насильственным действием против славян, а иго служило стабилизации татарского правления на протяжении времени.","Татаро-монгольское нашествие было насильственным действием против славян, а иго было стабилизацией татарского правления в течение времени.","Татаро-монгольское нашествие было насильственным действием против славян, а иго было стабилизацией татарского правила в течение времени.","Татаро-монгольское нашествие было насильственным действием против славян, а иго было способом стабилизации татарского правления.","Татаро-монгольское нашествие было насильственным действием против славян, а иго способствовало стабилизации татарского правления в течение определённого времени.",,"Татаро-монгольское нашествие было насильственным действием против славян, а иго было установлением татарского правления в течение времени.",
"Вопрос о том, что сложно обинять общество в действе отдельного человека, один из самых трудных решить.","Вопрос о том, как сложно объяснить общество через действия отдельного человека, — один из самых трудных для решения.","Вопрос о том, что сложно обвинять общество в действии отдельного человека, один из самых трудных для решения.","Вопрос о том, что сложно объединить общество в действии отдельного человека, один из самых трудных решить.","Вопрос о том, что сложно обвинять общество в действии отдельного человека, один из самых трудных для решения.","Вопрос о том, как сложно обвинять общество в действиях отдельного человека, — один из самых трудных для решения.",,"Вопрос о том, что сложно обвинять общество в действиях отдельного человека, один из самых трудных. ",
"Мы с Name решили сделать Кэптоун проект, который заключается и во творческой способности, и в информации о Нижнем Новгороде.","Мы с Name решили сделать Кэптоун-проект, который заключается как в творческой составляющей, так и в информации о Нижнем Новгороде.","Мы с Name решили сделать Кэпстоун-проект, который заключается и в творческой способности, и в информации о Нижнем Новгороде.","Мы с Name решили сделать Кэптаун проект, который заключается и в творческой способности, и в информации о Нижнем Новгороде.","Мы с Name решили сделать кэпстоун-проект, который заключается и в творческой способности, и в информации о Нижнем Новгороде.","Мы с Name решили создать проект «Кэптоун», который сочетает в себе и творческие способности, и информацию о Нижнем Новгороде.",,"Журнал проект Кэпстоун Мы с Name; решили сделать проект Кэпстоун, который заключается и в творческой способности, и содержит информацию о Нижнем Новгороде.",
"Я думаю, что у каждого человека есть свобода выбора, но общество оказывает очень большое внешние на выбор каждого человека.","Я думаю, что у каждого человека есть свобода выбора, но общество оказывает очень большое внешнее влияние на выбор каждого человека.","Я думаю, что у каждого человека есть свобода выбора, но общество оказывает очень большое внешнее влияние на выбор каждого человека.","Я думаю, что у каждого человека есть свобода выбора, но общество оказывает очень большое внешнее влияние на выбор каждого человека.","Я думаю, что у каждого человека есть свобода выбора, но общество оказывает очень большое внешнее влияние на выбор каждого человека.","Я думаю, что у каждого человека есть свобода выбора, но общество оказывает очень большое влияние на выбор каждого человека.",,"Я думаю, что у каждого человека есть свобода выбора, но общество оказывает очень большое внешнее влияние  на выбор каждого человека.",
"Первая революция началась 9 Января 1905 в Санкт-Петербурге, когда люди направились царю со своими жалобами о условии жизни и труда, и солдаты выстрели их.","Первая революция началась 9 января 1905 года в Санкт-Петербурге, когда люди направились к царю с жалобами об условиях жизни и труда, и солдаты расстреляли их.","Первая революция началась 9 января 1905 года в Санкт-Петербурге, когда люди направились к царю со своими жалобами об условиях жизни и труда, и солдаты в них выстрелили.","Первая революция началась 9 января 1905 в Санкт-Петербурге, когда люди направились к царю со своими жалобами о условиях жизни и труда, и солдаты выстрелили в них.","Первая революция началась 9 января 1905 года в Санкт-Петербурге, когда люди направились к царю со своими жалобами об условиях жизни и труда, и солдаты в них выстрелили.","Первая революция началась 9 января 1905 года в Санкт-Петербурге, когда люди направились к царю с жалобами на условия жизни и труда, но солдаты открыли по ним огонь.",,"Первая революция началась 9 января 1905 в Санкт-Петербурге, когда люди направились к царю со своими жалобами о условии жизни и труда, и солдаты выстрелили в них.",
"Я люблю путешествовать, потому что во время путешествия я вижу не только новое место, а новый мир.","Я люблю путешествовать, потому что во время путешествия я вижу не только новое место, но и новый мир.","Я люблю путешествовать, потому что во время путешествия я вижу не только новое место, но и новый мир.","Я люблю путешествовать, потому что во время путешествия я вижу не только новое место, а новый мир.","Я люблю путешествовать, потому что во время путешествия я вижу не только новое место, но и новый мир.","Я люблю путешествовать, потому что во время путешествия я вижу не только новое место, но и новый мир.",,"Я люблю путешествовать, потому что во время путешествия я вижу не только новое место, но и новый мир.",
Аргументы за» глобализацию: Свободная миграция – открытие народных границ даёт свободу человеку.,Свободная миграция – открытие государственных границ даёт свободу человеку.,Свободная миграция — открытие народных границ даёт свободу человеку.,Свободная миграция – открытие народных границ дает свободу человеку.,Свободная миграция – открытие национальных границ даёт свободу человеку.,Свободная миграция — открытие народных границ даёт свободу человеку.,,Свободная миграция открытие национальных границ даёт свободу человеку.,
"Тотолитарные и авторитарные режимы пользуются эмоциональным влиянием в своей политической пропаганде, чтобы подавлять разум зрителей и слушателей.","Тоталитарные и авторитарные режимы используют эмоциональное влияние в своей политической пропаганде, чтобы подавлять разум зрителей и слушателей.","Тоталитарные и авторитарные режимы пользуются эмоциональным влиянием в своей политической пропаганде, чтобы подавлять разум зрителей и слушателей.","Тоталитарные и авторитарные режимы пользуются эмоциональным влиянием в своей политической пропаганде, чтобы подавлять разум зрителей и слушателей.","Тоталитарные и авторитарные режимы пользуются эмоциональным влиянием в своей политической пропаганде, чтобы подавлять разум зрителей и слушателей.","Тоталитарные и авторитарные режимы используют эмоциональное воздействие в своей политической пропаганде, чтобы подавлять разум зрителей и слушателей.",,"Тоталитарный и авторитарный режимы пользуются эмоциональным влиянием в своей политической пропаганде, чтобы подавлять разум зрителей и слушателей.",
"Чтобы правильно и до конца исследовать, человеку надо специалировать на определённой узкой спеализация.","Чтобы правильно и до конца исследовать, человеку нужно специализироваться в определённой узкой области.","Чтобы правильно и до конца исследовать, человеку надо специализироваться на определённой узкой специализации.","Чтобы правильно и до конца исследовать, человеку надо специализироваться на определенной узкой специализации.","Чтобы правильно и до конца исследовать, человеку надо специализироваться на определенной узкой специализации.","Чтобы правильно и всесторонне исследовать, человеку необходимо специализироваться в определённой узкой области.",,"Чтобы объективно и до конца что-то исследовать, человеку надо специализироваться на определённой узкой проблеме.",
"Национализм и патриотизм две близкие, и потому не ясно понятные идеи.","Национализм и патриотизм – две близкие, а потому не всегда чётко различимые идеи.",Национализм и патриотизм — две близкие и потому неясные идеи.,"Национализм и патриотизм – две близкие, и потому неясно понимаемые идеи.","Национализм и патриотизм – две близкие, и потому не всегда ясно понятные идеи.","Национализм и патриотизм — это близкие, но не всегда чётко различимые идеи.",,"Национализм и патриотизм две близкие, и потому трудно различимые идеи.",
"Творчество – это когда человек создаёт, что либо новое, которое не существует.","Творчество – это когда человек создаёт что-либо новое, чего раньше не существовало.","Творчество — это когда человек создаёт что-либо новое, чего не существует.","Творчество – это когда человек создаёт что-либо новое, чего не существует.","Творчество – это когда человек создает что-то новое, чего не существует.","Творчество — это когда человек создаёт что-либо новое, чего раньше не существовало.",,"Творчество это когда человек создаёт что либо новое, что не существовало раньше.",
"Если посмотреть на историю России и Западной Европы ХХ века, то можно увидеть на сколько эти регионы изменились и разлучились за последнее 100 лет.","Если посмотреть на историю России и Западной Европы XX века, то можно увидеть, насколько эти регионы изменились и разошлись за последние 100 лет.","Если посмотреть на историю России и Западной Европы ХХ века, то можно увидеть, насколько эти регионы изменились и разошлись за последние 100 лет.","Если посмотреть на историю России и Западной Европы ХХ века, то можно увидеть, насколько эти регионы изменились и разлучились за последние 100 лет.","Если посмотреть на историю России и Западной Европы XX века, то можно увидеть, насколько эти регионы изменились и разошлись за последние 100 лет.","Если посмотреть на историю России и Западной Европы XX века, можно увидеть, насколько эти регионы изменились и разошлись за последние сто лет.",,"Если посмотреть на историю России и Западной Европы ХХ века, то можно увидеть , насколько эти регионы изменились и отдалились за последнее 100 лет.",
"В статье описывается план, чтобы поселить российских горожан в малоэтажные дома.",В статье описывается план по переселению российских горожан в малоэтажные дома.,В статье описывается план поселить российских горожан в малоэтажные дома.,"В статье описывается план, чтобы поселить российских горожан в малоэтажные дома.",В статье описывается план расселения российских горожан в малоэтажные дома.,В статье описывается план по расселению российских горожан в малоэтажные дома.,,В статье описывается план расселения российских граждан в малоэтажные дома.,
"Азимов, как ученый, хочет чтобы мы поняли, что наука не существует в этом мире безошибочным естесственным существом.","Азимов, как учёный, хочет, чтобы мы поняли, что наука не существует в этом мире как безошибочное естественное явление.","Азимов, как учёный, хочет, чтобы мы поняли, что наука не существует в этом мире как безошибочное естественное существо.","Азимов, как ученый, хочет, чтобы мы поняли, что наука не существует в этом мире безошибочным естественным существом.","Азимов, как ученый, хочет, чтобы мы поняли, что наука не существует в этом мире безошибочным естественным существом.","Азимов, как учёный, хочет, чтобы мы поняли, что наука не существует в этом мире как безошибочное естественное явление.",,"Азимов, как ученый, хочет чтобы мы поняли, что наука не существует в этом мире как безошибочное самостоятельное существо.",
"Люди идут в политику или потому, что они хотят власть и деньги, или потому что хотят, чтобы у нас политика и государство лучше работали, и хотят уменшить проблемы.","Люди идут в политику либо потому, что хотят власть и деньги, либо потому что хотят, чтобы наша политика и государство работали лучше, и стремятся уменьшить проблемы.","Люди идут в политику или потому, что хотят власти и денег, или потому, что хотят, чтобы у нас политика и государство работали лучше и хотят уменьшить проблемы.","Люди идут в политику или потому, что они хотят власти и денег, или потому, что хотят, чтобы у нас политика и государство лучше работали, и хотят уменьшить проблемы.","Люди идут в политику или потому, что хотят власти и денег, или потому, что хотят, чтобы политика и государство лучше работали, и хотят уменьшить проблемы.","Люди идут в политику либо потому, что хотят власти и денег, либо потому, что стремятся улучшить работу государства и уменьшить существующие проблемы.",,"Люди идут в политику или потому, что они хотят власти и денег, или потому что хотят, чтобы у нас политика и государство лучше работали, и чтобы решить проблемы.",
"Спасибо, всем за такие замечательные ответы, столько много хорошего было сказано.","Спасибо всем за такие замечательные ответы, столько хорошего было сказано.","Спасибо всем за такие замечательные ответы, столько хорошего было сказано.","Спасибо всем за такие замечательные ответы, столько хорошего было сказано.","Спасибо всем за такие замечательные ответы, столько хорошего было сказано.","Спасибо всем за такие замечательные ответы, было сказано много хорошего.",,"Спасибо, всем за такие замечательные ответы, столько всего хорошего было сказано.",
"Данные опроса ясно показывают, что по мнению абитуриентов самая популярная специальность в российских вузах - экономика.","Данные опроса ясно показывают, что, по мнению абитуриентов, самая популярная специальность в российских вузах - экономика.","Данные опроса ясно показывают, что, по мнению абитуриентов, самая популярная специальность в российских вузах — экономика.","Данные опроса ясно показывают, что по мнению абитуриентов самая популярная специальность в российских вузах – экономика.","Данные опроса ясно показывают, что, по мнению абитуриентов, самая популярная специальность в российских вузах – экономика.","Данные опроса ясно показывают, что, по мнению абитуриентов, самая популярная специальность в российских вузах — экономика.",,"Данные опроса явно показывают, что по мнению абитуриентов самая популярная специальность в российских вузах - экономика.",
" «Мультикультурализм» -понятие, что в одном месте существуют много разных, определенных культур.","«Мультикультурализм» - понятие, означающее сосуществование многих разных культур в одном месте.","«Мультикультурализм» — понятие, означающее, что в одном месте существует много разных, определённых культур.","«Мультикультурализм» – понятие, что в одном месте существуют многие разные, определенные культуры.","«Мультикультурализм» – понятие, означающее, что в одном месте существуют много разных, определенных культур.","«Мультикультурализм» — это понятие, означающее, что в одном месте сосуществуют множество различных, определённых культур.",,"«Мультикультурализм» -понятие, о том, что в одном месте существуют много разных, отдельных культур.",
"В статье оценивается роль, которую играет компьютерная техника в современной субкультуре детства и в развитии самостоятельности ребенка дошкольного возраста.",В статье оценивается роль компьютерной техники в современной субкультуре детства и в развитии самостоятельности ребенка дошкольного возраста.,"В статье оценивается роль, которую играет компьютерная техника в современной субкультуре детства и в развитии самостоятельности ребёнка дошкольного возраста.","В статье оценивается роль, которую играет компьютерная техника в современной субкультуре детства и в развитии самостоятельности ребенка дошкольного возраста.",В статье оценивается роль компьютерной техники в современной субкультуре детства и в развитии самостоятельности детей дошкольного возраста.,"В статье оценивается роль, которую играет компьютерная техника в современной субкультуре детства и в развитии самостоятельности ребёнка дошкольного возраста.",,"В статье предпринята попытка определить, какую роль играет компьютерная техника в современной субкультуре детства и в развитии самостоятельности ребенка дошкольного возраста.",
Дебаты о строительстве АЭС в регионе Хабаровске интересуют всех.,Дебаты о строительстве АЭС в Хабаровском крае интересуют всех.,Дебаты о строительстве АЭС в Хабаровском регионе интересуют всех.,Дебаты о строительстве АЭС в регионе Хабаровска интересуют всех.,Дебаты о строительстве АЭС в Хабаровском крае интересуют всех.,Дебаты о строительстве АЭС в Хабаровском крае интересуют многих.,,Дебаты о строительстве АЭС рядом с Хабаровском интересуют всех.,
Экологическая составляющая ситуации Аральского моря является в несколько видов.,Экологическая ситуация Аральского моря имеет несколько аспектов.,Экологическая составляющая ситуации Аральского моря выражается в нескольких аспектах.,Экологическая составляющая ситуации Аральского моря существует в нескольких видах.,Экологическая составляющая ситуации Аральского моря имеет несколько видов.,Экологическая составляющая ситуации с Аральским морем проявляется в нескольких аспектах.,,Экологическая составляющая ситуации Аральского моря представлена несколькими видами.,
Идеи к вопросам: Есть общие черты в этих трех позициях?,Идеи к вопросам: есть ли общие черты в этих трех позициях?,Идеи к вопросам: есть ли общие черты в этих трёх позициях?,Идеи к вопросам: Есть общие черты в этих трёх позициях?,Идеи к вопросам: Есть ли общие черты в этих трех позициях?,Идеи по вопросам: есть ли общие черты у этих трёх позиций?,,Идеи к вопросам: Есть ли общие черты в этих трех позициях?,
Многие формы экологического кризиса угрожают мир от глобального потепления.,Многие проявления экологического кризиса угрожают миру из-за глобального потепления.,Многие формы экологического кризиса угрожают миру из-за глобального потепления.,Многие формы экологического кризиса угрожают миру от глобального потепления.,Многие формы экологического кризиса угрожают миру глобальным потеплением.,Многие формы экологического кризиса угрожают миру глобальным потеплением.,,Многие формы экологического кризиса угрожают миру глобальным потеплением.,
Если бы я была лидером экологического клуба я бы устроила акцию по выращиванию растений на территории университета.,"Если бы я была лидером экологического клуба, я бы организовала акцию по выращиванию растений на территории университета.","Если бы я была лидером экологического клуба, я бы устроила акцию по выращиванию растений на территории университета.","Если бы я была лидером экологического клуба, я бы устроила акцию по выращиванию растений на территории университета.","Если бы я была лидером экологического клуба, я бы устроила акцию по выращиванию растений на территории университета.","Если бы я была лидером экологического клуба, я бы организовала акцию по высадке растений на территории университета.",,Если бы я была главой экологического клуба я бы устроила акцию по выращиванию растений на территории университета.,
"Не бросайте мусор на улицу, примите более короткие душы, водите машину только когда необходимо неизбежно) - иначе используйте публичный транспорт, купайте продикты от близких местных ферм.","Не бросайте мусор на улицу, принимайте более короткие души, водите машину только когда это действительно необходимо (в остальных случаях используйте общественный транспорт), покупайте продукты у местных фермеров.","Не бросайте мусор на улицу, принимайте более короткий душ, водите машину только когда это действительно необходимо — иначе используйте общественный транспорт, покупайте продукты от близких местных ферм.","Не бросайте мусор на улицу, принимайте более короткие душы, водите машину только когда это неизбежно – иначе используйте общественный транспорт, покупайте продукты от близких местных ферм.","Не бросайте мусор на улицу, принимайте более короткие души, водите машину только когда необходимо (иначе используйте публичный транспорт), покупайте продукты от близких местных ферм.","Не бросайте мусор на улицу! Принимайте более короткие души. Водите машину только тогда, когда это действительно необходимо — в остальных случаях используйте общественный транспорт. Покупайте продукты от местных фермеров.",,"Не бросайте мусор на улицу, принимайте более быстро души, водите машину только когда необходимо — иначе используйте публичный транспорт, покупайте продукты от ближайших местных ферм.",
"Я думаю что Россия состоит частью Европы, но при этом я имею введу, частью Восточной Европы.","Я думаю, что Россия является частью Европы, но при этом я имею в виду часть Восточной Европы.","Я думаю, что Россия является частью Европы, но при этом я имею в виду — частью Восточной Европы.","Я думаю, что Россия является частью Европы, но при этом я имею в виду часть Восточной Европы.","Я думаю, что Россия является частью Европы, но при этом я имею в виду частью Восточной Европы.","Я думаю, что Россия является частью Европы, но имею в виду Восточную Европу.",,"Я думаю что Россия является частью Европы, но при этом я имею в виду частью Восточной Европы.",
"Мой факультет – филологический факультет, в которой есть кафедры разных языков, их литератур и филологий.","Мой факультет - филологический, на котором есть кафедры разных языков, их литератур и филологии.","Мой факультет — филологический факультет, в котором есть кафедры разных языков, их литератур и филологий.","Мой факультет – филологический факультет, на котором есть кафедры разных языков, их литератур и филологий.","Мой факультет – филологический, на котором есть кафедры разных языков, их литератур и филологий.","Мой факультет — филологический, на котором есть кафедры различных языков, их литератур и филологий.",,"Мой факультет — филологический факультет, на котором есть кафедры разных языков, их литератур и филологий.",
"Слова - Разрешают людям общаться между собой, слова обычно не соответствуют какой то области и понятны образованным людям.",Слова позволяют людям общаться между собой; они обычно не ограничены какой-то одной областью и понятны образованным людям.,"Слова позволяют людям общаться между собой, слова обычно не принадлежат к какой-то одной области и понятны образованным людям.","Слова позволяют людям общаться между собой, слова обычно не соответствуют какой-то области и понятны образованным людям.","Слова разрешают людям общаться между собой, слова обычно не относятся к какой-то области и понятны образованным людям.",Слова позволяют людям общаться между собой. Они обычно не относятся к какой-то определённой области и понятны образованным людям.,,"Слова позволяют людям общаться между собой, слова обычно не соответствуют какой-то области и понятны образованным людям.",
"Мне показалось интересным то, что Е. Я. Шмелева сказала это нормально, как русский язык меняется, и то что лингвисты меняют ударения в словах когда много образованных людей начинают использовать слова с другим ударением, так сказать под давлением общества."," Мне показалось интересным, что Е.Я. Шмелева сказала: это нормально, что русский язык меняется, и что лингвисты меняют ударения в словах, когда многие образованные люди начинают использовать слова с другим ударением - под давлением общества, так сказать.","Мне показалось интересным то, что Е. Я. Шмелёва сказала, что это нормально, как русский язык меняется, и что лингвисты меняют ударения в словах, когда много образованных людей начинают использовать слова с другим ударением — так сказать, под давлением общества.","Мне показалось интересным то, что Е. Я. Шмелева сказала, что нормально, как русский язык меняется, и то, что лингвисты меняют ударения в словах, когда много образованных людей начинают использовать слова с другим ударением, так сказать, под давлением общества.","Мне показалось интересным то, что Е. Я. Шмелева сказала, что это нормально, как русский язык меняется, и то, что лингвисты меняют ударения в словах, когда много образованных людей начинают использовать слова с другим ударением, так сказать, под давлением общества.","Мне показалось интересным то, что Е. Я. Шмелева отметила: это нормально, когда русский язык меняется, и лингвисты корректируют ударения в словах, когда многие образованные люди начинают использовать их с другим ударением под давлением общества.",,"Мне показалось интересным то, что Е. Я. Шмелева сказала это нормально, что русский язык меняется, и что лингвисты меняют ударения в словах когда много образованных людей начинают использовать слова с другим ударением, так сказать под давлением общества.",
"Мы не знаем многие факты о ранней истории киевской Руси, за исключением некоторых черты о княжестве.","Мы не знаем многие факты о ранней истории Киевской Руси, за исключением некоторых сведений о княжестве.","Мы не знаем многие факты о ранней истории Киевской Руси, за исключением некоторых черт о княжестве.","Мы не знаем многие факты о ранней истории Киевской Руси, за исключением некоторых черт о княжестве.","Мы не знаем многих фактов о ранней истории Киевской Руси, за исключением некоторых черт княжества.","Мы знаем мало фактов о ранней истории Киевской Руси, за исключением некоторых черт, касающихся этого княжества.",,"Мы не знаем многих фактов о ранней истории Киевской Руси, за исключением некоторых черт княжения.",
"Догма — это озночает основные положение непреложной истины, неизменную любых обстоятельствах.","Догма - это основные положения непреложной истины, неизменные при любых обстоятельствах.","Догма — это означает основные положения непреложной истины, неизменные при любых обстоятельствах.","Догма — это означает основное положение непреложной истины, неизменной в любых обстоятельствах.","Догма — это означает основные положения непреложной истины, неизменной в любых обстоятельствах.","Догма — это основное положение, непреложная истина, неизменная при любых обстоятельствах.",,"Догма - это основные положения истины, неизменную любых обстоятельствах.",
Приключения Ильфа и Петрова на Юге США явно дало писателям плохое впечатление.,Приключения Ильфа и Петрова на Юге США явно оставили у писателей плохое впечатление.,Приключения Ильфа и Петрова на юге США явно дали писателям плохое впечатление.,Приключения Ильфа и Петрова на Юге США явно дали писателям плохое впечатление.,Приключения Ильфа и Петрова на Юге США явно дали писателям плохое впечатление.,"Приключения Ильфа и Петрова на юге США, очевидно, произвели на писателей плохое впечатление.",,Приключения Ильфа и Петрова на Юге США явно произвели на писателей плохое впечатление.,
"По результатам опроса о том, какую функцию должен выполнять словарь языка, 62 всех опрошенных ответили, что предназначение словаря - охранять неизменность установленных языковых норм и указывать, как правильно говорить и писать.","По результатам опроса о функциях словаря языка, 62% опрошенных ответили, что предназначение словаря - сохранять неизменность языковых норм и указывать правильное употребление слов.","По результатам опроса о том, какую функцию должен выполнять словарь языка, 62% всех опрошенных ответили, что предназначение словаря — охранять неизменность установленных языковых норм и указывать, как правильно говорить и писать.","По результатам опроса о том, какую функцию должен выполнять словарь языка, 62% всех опрошенных ответили, что предназначение словаря - охранять неизменность установленных языковых норм и указывать, как правильно говорить и писать.","По результатам опроса о том, какую функцию должен выполнять словарь языка, 62% всех опрошенных ответили, что предназначение словаря - охранять неизменность установленных языковых норм и указывать, как правильно говорить и писать.","По результатам опроса о том, какую функцию должен выполнять словарь языка, 62% опрошенных ответили, что его предназначение — охранять неизменность установленных языковых норм и указывать, как правильно говорить и писать.",,"По результатам опроса о том, какую функцию должен выполнять словарь языка, 62% всех опрошенных ответили, что предназначение словаря - охранять неизменность установленных языковых норм и указывать, как правильно говорить и писать.",
"Фашизм – это политическая и идеологическая система, которая впервые появилась на практике в Италии в 1920-е г.","Фашизм - это политическая и идеологическая система, которая впервые появилась на практике в Италии в 1920-е годы.","Фашизм — это политическая и идеологическая система, которая впервые появилась на практике в Италии в 1920-е годы.","Фашизм – это политическая и идеологическая система, которая впервые появилась на практике в Италии в 1920-е гг.","Фашизм – это политическая и идеологическая система, которая впервые появилась на практике в Италии в 1920-е гг.","Фашизм — это политическая и идеологическая система, которая впервые появилась на практике в Италии в 1920-е годы.",,"Фашизм это политическая и идеологическая система, которая впервые была реализована практике в Италии в 1920-е г.",
"Русские эмигранты первой волны» - это те, кто выехали из России после Октябрьской революции в первые годы советской власти, именно в 1919. Эмигрантами были военные, дворяне, интеллигенция, профессионалы, казаки и духовенство, государственные служащие, а также члены их семей.","«Русские эмигранты первой волны» – это те, кто выехал из России после Октябрьской революции в первые годы советской власти, именно в 1919. Эмигрантами были военные, дворяне, интеллигенция, профессионалы, казаки и духовенство, государственные служащие, а также члены их семей.","Русские эмигранты первой волны — это те, кто выехал из России после Октябрьской революции в первые годы советской власти, именно в 1919 году. Эмигрантами были военные, дворяне, интеллигенция, профессионалы, казаки и духовенство, государственные служащие, а также члены их семей.","Русские эмигранты первой волны» - это те, кто выехал из России после Октябрьской революции в первые годы советской власти, именно в 1919 году. Эмигрантами были военные, дворяне, интеллигенция, профессионалы, казаки и духовенство, государственные служащие, а также члены их семей.","Русские эмигранты «первой волны» - это те, кто выехал из России после Октябрьской революции в первые годы советской власти, именно в 1917-1922 гг. Эмигрантами были военные, дворяне, интеллигенция, представители разных профессий, казаки и духовенство, государственные служащие, а также члены их семей.","Русские эмигранты первой волны — это те, кто выехал из России после Октябрьской революции в первые годы советской власти, в том числе в 1919 году. Эмигрантами были военные, дворяне, интеллигенция, профессионалы, казаки и духовенство, государственные служащие, а также члены их семей.",,"Русские эмигранты первой волны - это те, кто выехал из России после Октябрьской революции в первые годы советской власти, именно в 1919. Эмигрантами были военные, дворяне, интеллигенция, профессионалы, казаки и духовенство, государственные служащие, а также члены их семей.",
"Это значит, что человек использует лицемерие.","Это значит, что человек использует лицемерие.","Это значит, что человек использует лицемерие.","Это значит, что человек использует лицемерие.","Это значит, что человек использует лицемерие.","Это значит, что человек проявляет лицемерие.",,"Это значит, что человек лицемерит.",
"Идентичность кого- то - это ответ на вопрос кто это такое?». Ваша идентичность формируется из всех частей вашей жизни, характера, идеологии, талантов и т.","Идентичность кого-то – это ответ на вопрос «кто это такой?». Ваша идентичность формируется из всех частей вашей жизни, характера, идеологии, талантов и т. д.","Идентичность кого-то — это ответ на вопрос «кто это такой?». Ваша идентичность формируется из всех частей вашей жизни, характера, идеологии, талантов и т. д.","Идентичность кого-то - это ответ на вопрос: «Кто это такой?». Ваша идентичность формируется из всех частей вашей жизни, характера, идеологии, талантов и т. д.","Идентичность кого-то - это ответ на вопрос «кто это такой?». Ваша идентичность формируется из всех частей вашей жизни, характера, идеологии, талантов и т. д.","Идентичность кого-то — это ответ на вопрос «кто это такой?». Ваша идентичность формируется из всех частей вашей жизни: характера, идеологии, талантов и прочего.",,"Чья-то идентичность это ответ на вопрос ""кто это такое такой?"" Идентичность формируется из всех разных частей жизни, характера, идеологии, талантов и т.д.",
"Помоему, нелегальная миграция не выгодна государству, потому что эти люди вообще не тратить налоги, но хотят поддержка, социальные пособия.","По-моему, нелегальная миграция не выгодна государству, потому что эти люди вообще не платят налоги, но хотят поддержку и социальные пособия.","По-моему, нелегальная миграция невыгодна государству, потому что эти люди вообще не платят налоги, но хотят получать поддержку, социальные пособия.","По-моему, нелегальная миграция не выгодна государству, потому что эти люди вообще не платят налоги, но хотят поддержки, социальных пособий.","По-моему, нелегальная миграция не выгодна государству, потому что эти люди вообще не платят налоги, но хотят поддержки, социальных пособий.","На мой взгляд, нелегальная миграция невыгодна государству, потому что эти люди не платят налоги, но при этом хотят получать поддержку и социальные пособия.",,"По-моему нелегальная миграция невыгодна государству, потому что эти люди вообще не платят  налоги, но хотят поддержки, социальных пособий",
"Исторически, начиная с формирования Киевской Руси до настоящего времени, Россия считается одной из самых важных стран мира, даже когда в своём развитии часто отставала от США и Европы.","Исторически, начиная с формирования Киевской Руси до настоящего времени, Россия считается одной из самых важных стран мира, даже когда в своём развитии часто отставала от США и Европы.","Исторически, начиная с формирования Киевской Руси до настоящего времени, Россия считается одной из самых важных стран мира, даже когда в своём развитии часто отставала от США и Европы.","Исторически, начиная с формирования Киевской Руси до настоящего времени, Россия считается одной из самых важных стран мира, даже когда в своём развитии часто отставала от США и Европы.","Исторически, начиная с формирования Киевской Руси до настоящего времени, Россия считается одной из самых важных стран мира, даже когда в своём развитии часто отставала от США и Европы.","Исторически, начиная с формирования Киевской Руси и до наших дней, Россия считается одной из важнейших стран мира, даже несмотря на то, что в своём развитии она часто отставала от США и Европы.",,"Исторически, начиная с формирования Киевской Руси до настоящего времени, Россия считается одной из самых важных стран мира, даже когда в своём развитии сильно отставала от США и Европы.",
"Утверждение автора: «эти названия распределены по разным сферам и стилям речи» означает, что некоторые названия встречаются только в письменной или официальной чиновной речи, а в разговорах между самих специалистов и менеджеров пользуются те название, которые склоненные на русский язык – обрусевшие заимствования».","Утверждение автора: «эти названия распределены по разным сферам и стилям речи» означает, что некоторые названия встречаются только в письменной или официальной речи, а в разговорах между самими специалистами и менеджерами используют те названия, которые склоняются на русский язык – обрусевшие заимствования».","Утверждение автора: «эти названия распределены по разным сферам и стилям речи» означает, что некоторые названия встречаются только в письменной или официальной чиновной речи, а в разговорах между самими специалистами и менеджерами используются те названия, которые склонены на русский язык — обрусевшие заимствования.","Утверждение автора: «эти названия распределены по разным сферам и стилям речи» означает, что некоторые названия встречаются только в письменной или официальной чиновной речи, а в разговорах между самими специалистами и менеджерами пользуются те названия, которые склоняются на русский язык – обрусевшие заимствования».","Утверждение автора: «эти названия распределены по разным сферам и стилям речи» означает, что некоторые названия встречаются только в письменной или официальной, чиновной речи, а в разговорах между самими специалистами и менеджерами используются те названия, которые склоняются по-русски – обрусевшие заимствования.","Утверждение автора: «эти названия распределены по разным сферам и стилям речи» означает, что некоторые термины встречаются только в письменной или официальной речи, а в разговорах специалистов и менеджеров используются те названия, которые адаптированы к русскому языку — обрусевшие заимствования.",,"Утверждение автора: «эти названия распределены по разным сферам и стилям речи» означает, что некоторые названия встречаются не только в письменной или официальной   речи, но и в разговорах между самими специалистами и менеджерами используются те названия которые склоненные на русский язык обрусевшие заимствования».",
"Творчество в нашем времени, мне кажется, смушенное и непостоянное дело.","Творчество в наше время, мне кажется, смущённое и непостоянное дело.","Творчество в наше время, мне кажется, — смущённое и непостоянное дело.","Творчество в наше время, мне кажется, смущённое и непостоянное дело.","Творчество в наше время, мне кажется, смущенное и непостоянное дело.","Творчество в наше время, мне кажется, смутное и непостоянное явление.",,"Творчество в нашем времени, мне кажется, смушенное и непостоянное дело.",
"Журнал выберите одну из целей курса и напишите о том, смогли ли вы достичь эту цель) Жить и работать в чужой стране трудно, и делать маленькие и безвредные вещи становится сложным.","(Журнал) Выберите одну из целей курса и напишите о том, смогли ли вы достичь эту цель. Жить и работать в чужой стране трудно, и делать маленькие и безвредные вещи становится сложным.","Журнал: выберите одну из целей курса и напишите о том, смогли ли вы достичь этой цели. Жить и работать в чужой стране трудно, и даже делать маленькие и безвредные вещи становится сложным.","Журнал: выберите одну из целей курса и напишите о том, смогли ли вы достичь эту цель. Жить и работать в чужой стране трудно, и делать маленькие и безвредные вещи становится сложным.","Выберите одну из целей курса и напишите о том, смогли ли вы достичь этой цели. Жить и работать в чужой стране трудно, и делать даже маленькие и безвредные вещи становится сложным.","Выберите журнал и напишите о том, смогли ли вы достичь цели курса. Жить и работать в чужой стране трудно, и даже делать маленькие и безвредные вещи становится сложно.",,"Журнал выберите одну из целей курса и напишите о том, смогли ли вы достичь эту цель) Жить и работать в чужой стране трудно, и делать некоторые повседневные дела становится сложно. становится сложно",
"Это вопрос всегда реальный, и не только в России.","Этот вопрос всегда актуален, и не только в России.","Это всегда актуальный вопрос, и не только в России.","Это вопрос всегда реальный, и не только в России.","Этот вопрос всегда актуален, и не только в России.",Этот вопрос всегда актуален и не зависит от страны.,,Эта проблема всегда актуальна и не только в России.,
"Для начала я бы хотела посмотреть, что же такое утопия.","Для начала я бы хотела посмотреть, что же такое утопия.","Для начала я бы хотела посмотреть, что же такое утопия.","Для начала я бы хотела посмотреть, что же такое утопия.","Для начала я бы хотела посмотреть, что же такое утопия.","Для начала я бы хотела понять, что такое утопия.",, Для начала я бы хотела рассмотреть что же такое утопия.,
Не какой человек бы предлагал построит гетто.,Никакой человек бы не предлагал построить гетто.,Ни один человек не предлагал бы построить гетто.,Никакой человек не предложит построить гетто.,Ни один человек не предложил бы построить гетто.,Никакой человек не предложил бы построить гетто.,,Никакой человек бы не предложил построить гетто.,
Иностранные слова всего лишь другой набор синонимов.,Иностранные слова — всего лишь другой набор синонимов.,Иностранные слова — всего лишь другой набор синонимов.,Иностранные слова - всего лишь другой набор синонимов.,Иностранные слова — всего лишь другой набор синонимов.,История заимствований в русском языке. Иностранные слова — это просто другой набор синонимов.,, Иностранные слова — это всего лишь другой набор синонимов.,
Главная мысль текста обсуждает заработок российского крестьянина в дореволюционные времена.,Главная мысль текста обсуждает заработок российского крестьянина в дореволюционные времена.,Главная мысль текста — заработок российского крестьянина в дореволюционные времена.,Главная мысль текста обсуждает заработок российского крестьянина в дореволюционное время.,Главная мысль текста — заработок российского крестьянина в дореволюционные времена.,Главная мысль текста — обсуждение заработка российского крестьянина в дореволюционные времена.,,Главная мысль текста —  обсуждение заработка российского крестьянина в дореволюционные времена.,
"Во многих странах мира века проявляется национализмомкак доминирующей по национальной на общими узамиличности, историческим языком, и всем, создает Время от эти религию.","Во многих странах мира национализм проявляется как доминирующая черта, объединяющая людей общими узами, историческим языком и всем, что создает национальную идентичность, включая религию.","Во многих странах мира веками проявляется национализм как доминирование национальной общности, исторического языка и всего, что со временем создаёт эту «религию».","Во многих странах мира века проявляется национализм как доминирующий над национальными общими узами личности, историческим языком и всем, что создает время, и этими религиями.","Во многих странах мира веками проявляется национализм как доминирующая национальная общность, объединенная узами личности, историческим языком и религией, созданной временем.","Во многих странах мира на протяжении веков проявляется национализм как доминирующая сила, основанная на национальной идентичности, общем языке и, порой, религии.",,"Во многих странах мира   проявляется национализм как доминирующей по национальной на общими узами личности историческим языком, и всем, создает Время от эти религию.",
"Заимствование слов из иностранных языков хорошо, потому что русский язык обогащается этими новыми иностранными словами.","Заимствование слов из иностранных языков — это хорошо, потому что русский язык обогащается этими новыми словами.","Заимствование слов из иностранных языков — это хорошо, потому что русский язык обогащается этими новыми словами.","Заимствование слов из иностранных языков хорошо, потому что русский язык обогащается этими новыми иностранными словами.","Заимствование слов из иностранных языков хорошо, потому что русский язык обогащается этими новыми словами.","Заимствование слов из иностранных языков — это хорошо, потому что русский язык обогащается новыми иностранными терминами.",,"Предложите один или два аргумента ЗА заимствование слов из иностранных языков.&gt;. Заимствование слов из иностранных языков - это хорошо, потому что русский язык обогащается этими новыми иностранными словами.",
"Мне кажется, что российское государство хочет улучшить репутацию России в мире, и один из способов является ремонтом армии, чтобы она опять стала мощной и современной.","Мне кажется, что российское государство хочет улучшить репутацию России в мире, и один из способов — это модернизация армии, чтобы она снова стала мощной и современной.","Мне кажется, что российское государство хочет улучшить репутацию России в мире, и одним из способов является ремонт армии, чтобы она опять стала мощной и современной.","Мне кажется, что российское государство хочет улучшить репутацию России в мире, и один из способов является реформированием армии, чтобы она опять стала мощной и современной.","Мне кажется, что российское государство хочет улучшить репутацию России в мире, и один из способов — ремонт армии, чтобы она опять стала мощной и современной.",,,"Мне кажется, что российское государство хочет улучшить репутацию России в мире, и одним из способов является модернизация армии чтобы она опять стала мощной и современной.",
"Одна из самых преступных, но скрытых, проблем Америки является насилие над женщинами, детьми и сексуальнами меньшинствами.","Одна из самых преступных, но скрытых проблем Америки — это насилие над женщинами, детьми и сексуальными меньшинствами.","Одна из самых преступных, но скрытых, проблем Америки — насилие над женщинами, детьми и сексуальными меньшинствами.","Одна из самых преступных, но скрытых проблем Америки является насилие над женщинами, детьми и сексуальными меньшинствами.","Одна из самых преступных, но скрытых, проблем Америки — насилие над женщинами, детьми и сексуальными меньшинствами.",,,"Одна из самых преступных, и скрытых, проблем Америки является насилие над женщинами, детьми и сексуальными меньшинствами.",
"Товарищи, разрешите нам рассказать вам о суровом состоянии героя народа.","Товарищи, разрешите нам рассказать вам о суровой судьбе героя народа.","Товарищи, разрешите нам рассказать вам о суровом состоянии героя народа.","Товарищи, разрешите нам рассказать вам о суровом положении героя народа.","Товарищи, разрешите рассказать вам о суровом состоянии героя народа.",,,"Товарищи, разрешите нам рассказать вам о тяжелом положении народного героя",
"В природе можно видеть такие периодические процессы, как смена дня и ночи, вращение Луны вокруг Земли и движение планет.","В природе можно наблюдать такие периодические процессы, как смена дня и ночи, вращение Луны вокруг Земли и движение планет.","В природе можно видеть такие периодические процессы, как смена дня и ночи, вращение Луны вокруг Земли и движение планет.","В природе можно видеть такие периодические процессы, как смена дня и ночи, вращение Луны вокруг Земли и движение планет.","В природе можно видеть такие периодические процессы, как смена дня и ночи, вращение Луны вокруг Земли и движение планет.",,,"Запишите пересказ текста для ребёнка 13-15 предложений).&gt;. В природе можно увидеть такие периодические процессы, как смена дня и ночи, вращение Луны вокруг Земли и движение планет.",
"Как Вы нашли людей, которые умели рассказать свои истории, особенно потому что они еще жили в Советском Союзе?","Как вы нашли людей, которые могли рассказать свои истории, особенно учитывая, что они жили в Советском Союзе?","Как вы нашли людей, которые могли рассказать свои истории, особенно потому, что они ещё жили в Советском Союзе?","Как Вы нашли людей, которые умели рассказать свои истории, особенно потому что они еще жили в Советском Союзе?","Как вы нашли людей, которые умели рассказать свои истории, особенно потому, что они еще жили в Советском Союзе?",,,"Какие 2-3 вопросов вы бы хотели задать режиссеру фильма Марина Голдовской?&gt;. Как Вы нашли людей, которые смогли рассказать свои истории, особенно потому что они еще жили в Советском Союзе?",
"Людям нужны словари, потому что людям нужно знать спесыфическое и полное значение слов, чтобы они могли их правильно использывать и ясно выражатся.","Людям нужны словари, потому что им нужно знать специфическое и полное значение слов, чтобы правильно их использовать и ясно выражаться.","Людям нужны словари, потому что им нужно знать специфическое и полное значение слов, чтобы они могли правильно их использовать и ясно выражаться.","Людям нужны словари, потому что людям нужно знать специфическое и полное значение слов, чтобы они могли их правильно использовать и ясно выражаться.","Людям нужны словари, потому что людям нужно знать специфическое и полное значение слов, чтобы они могли их правильно использовать и ясно выражаться.",,,"Зачем нам нужны словари?&gt;. Людям нужны словари, потому что людям нужно знать определенное и полное значение слов, чтобы они могли их правильно использовать и ясно выражаться",
"Это эссе пишет о том, как мы находимся в мире, в котором ухудшается эколочическая обстановка.","Это эссе о том, как мы живём в мире, где экологическая обстановка ухудшается.","Это эссе о том, как мы живём в мире, где ухудшается экологическая обстановка.","Это эссе пишет о том, как мы находимся в мире, в котором ухудшается экологическая обстановка.","Это эссе пишет о том, как мы находимся в мире, в котором ухудшается экологическая обстановка.",,,"&lt; Article « Ухудшение экологической современном в современнон мире» написано Это эссе пишет о живём как мы находимся в мире, экологическая котором ухудшается эколочическая обстановка.",
"Хотя открылась Антарктида в 1820 году, многие предположили о ее существовании до этого дата.","Хотя Антарктида была открыта в 1820 году, многие предполагали её существование до этой даты.","Хотя Антарктида была открыта в 1820 году, многие предполагали её существование до этой даты.","Хотя Антарктида открылась в 1820 году, многие предположили о ее существовании до этой даты.","Хотя Антарктида открылась в 1820 году, многие предполагали о ее существовании до этой даты.",,,"Краткое описание текста: Хотя Антарктида была открыта в 1820 году, многие предполагали ее существование до этого момента",
"Я думаю, что для многих американцев, выборы чёрного президента можно сравнить с шоком, но и радостью, почти как явление Христа народу.","Я думаю, что для многих американцев выборы чёрного президента можно сравнить с шоком, но и радостью, почти как явление Христа народу.","Я думаю, что для многих американцев выбор чёрного президента можно сравнить с шоком, но и с радостью — почти как явление Христа народу.","Я думаю, что для многих американцев выборы черного президента можно сравнить с шоком, но и радостью, почти как явление Христа народу.","Я думаю, что для многих американцев выборы чёрного президента можно сравнить с шоком, но и с радостью, почти как явление Христа народу.",,,"Я думаю, что у многих американцев избрание чёрного президента может вызвать не только шок, но и радость как явление Христа народу.",
В прошлой недели на стажировке я помогала женщине написать абстракт её исследования и поступать на конференцию в США.,На прошлой неделе на стажировке я помогала женщине написать аннотацию её исследования и подать заявку на конференцию в США.,На прошлой неделе на стажировке я помогала женщине написать аннотацию её исследования и подать заявку на конференцию в США.,В прошлой неделе на стажировке я помогала женщине написать абстракт ее исследования и поступать на конференцию в США.,На прошлой неделе на стажировке я помогала женщине написать аннотацию её исследования и подать заявку на конференцию в США.,,,На прошлой неделе на стажировке я помогла женщине написать извлечение её исследования и попасть на конференцию в США.,
"Я думаю, что в течение всего фильма очень сложно представить Данилу как настоящего бандита.","Я думаю, что в течение всего фильма очень сложно представить Данилу как настоящего бандита.","Я думаю, что на протяжении всего фильма очень сложно представить Данилу как настоящего бандита.","Я думаю, что в течение всего фильма очень сложно представить Данилу как настоящего бандита.","Я думаю, что в течение всего фильма очень сложно представить Данилу настоящим бандитом.",,,"Фильм Брат» Опишите характер главного героя.&gt;. Я думаю, что в течение всего фильма очень сложно воспринимать Данилу как настоящего бандита.",
"Аккредитация – это авторитет, полученный от официальной образовательной организации в знак признания того, что стандарты вуза достигли соответствующего уровня.","Аккредитация — это авторитет, полученный от официальной образовательной организации в знак признания того, что стандарты вуза соответствуют необходимому уровню.","Аккредитация — это авторитет, полученный от официальной образовательной организации в знак признания того, что стандарты вуза достигли соответствующего уровня.","Аккредитация – это авторитет, полученный от официальной образовательной организации в знак признания того, что стандарты вуза достигли соответствующего уровня.","Аккредитация – это авторитет, полученный от официальной образовательной организации в знак признания того, что стандарты вуза достигли соответствующего уровня.",,,"Аккредитация это авторитет, признание, полученное официальной отвечающего за образование ведомства знак признания того, что стандарты вуза достигли соответствующего уровня.",
"Слово «поразительный» обозначает сильно удевительность, но ещё есть военное значение – «ударить».","Слово «поразительный» обозначает сильную удивительность, но у него есть и военное значение — «ударить».","Слово «поразительный» обозначает сильное удивление, но также имеет военное значение — «ударить».","Слово «поразительный» обозначает сильную удивительность, но еще есть военное значение – «ударить».","Слово «поразительный» обозначает сильную удивительность, но ещё есть военное значение – «ударить».",,,"Слово поразительный» обозначает сильное удивление, а ещё есть военное значение ударить».",
"Граница указывает отделение между вещами, людьми, странами и т.","Граница указывает на разделение между вещами, людьми, странами и т. д.","Граница указывает разделение между вещами, людьми, странами и т. д.","Граница указывает на отделение между вещами, людьми, странами и т. д.","Граница указывает на отделение между вещами, людьми, странами и т.д.",,,"Журнал граница) Граница обозначает раздел между вещами, людьми, странами и т.",
"Идентичность - это то, как люди видят себя и других, как они связаны с другими и как они ощущают и актуализируют связи с другими.","Идентичность — это то, как люди видят себя и других, как они связаны с окружающими и как ощущают и проявляют эти связи.","Идентичность — это то, как люди видят себя и других, как они связаны с другими и как ощущают и реализуют эти связи.","Идентичность - это то, как люди видят себя и других, как они связаны с другими и как они ощущают и актуализируют связи с другими.","Идентичность - это то, как люди видят себя и других, как они связаны с другими и как они ощущают и актуализируют связь с другими.",,,"Сформулируйте своими словами, как автор понимает, что такое идентичность.&gt;. Идентичность - это то, как люди видят себя и других, как они связаны с другими и как они ощущают и выстраивают связи с другими.",
Они умели переносить человеческие тяготы сохраняя при этом человеческое достоинство.,"Они умели переносить человеческие тяготы, сохраняя при этом человеческое достоинство.","Они умели переносить человеческие тяготы, сохраняя при этом человеческое достоинство.","Они умели переносить человеческие тяготы, сохраняя при этом человеческое достоинство.","Они умели переносить человеческие тяготы, сохраняя при этом человеческое достоинство.",,,Как описывает Толстой декабристов?&gt;. Они умели переносить жизненные тяготы сохраняя при этом человеческое достоинство.,
"Какой был самый главный проблем Петра Первого, когда он прнимал престол?","Какой была самая главная проблема Петра Первого, когда он принимал престол?","Какова была самая главная проблема Петра Первого, когда он принимал престол?","Какая была самая главная проблема Петра Первого, когда он принимал престол?","Какой была самая главная проблема Петра Первого, когда он принимал престол?",,,"Translate the questions and answer them&gt;. Что было самой главной проблемой Петра Первого, когда он принимал престол?",
"В статье рассказывается о россиянах, переехавших в Лондон, которые эмигрировали из России или СНГ и устроили новую карьеру и постоянно место жительство в Англии.","В статье рассказывается о россиянах, переехавших в Лондон, которые эмигрировали из России или СНГ и устроили новую карьеру и постоянное место жительства в Англии.","В статье рассказывается о россиянах, переехавших в Лондон, которые эмигрировали из России или СНГ и устроили новую карьеру и постоянное место жительства в Англии.","В статье рассказывается о россиянах, переехавших в Лондон, которые эмигрировали из России или СНГ и устроили новую карьеру и постоянное место жительства в Англии.","В статье рассказывается о россиянах, переехавших в Лондон, которые эмигрировали из России или СНГ и устроили новую карьеру и постоянное место жительства в Англии.",,,"Виноградова И. Легко ли русским найти работу в Лондоне?&gt;. В статье рассказывается о россиянах, переехавших в Лондон, которые эмигрировали из России или СНГ и нашли новую карьеру и постоянное место жительство в Англии.",
Я родился в семье - пятым ребенком из двенадцати детей.,Я родился в семье пятым ребёнком из двенадцати детей.,Я родился в семье пятым ребёнком из двенадцати детей.,Я родился в семье пятым ребенком из двенадцати детей.,Я родился в семье пятым ребенком из двенадцати детей.,,,Я родился в большой семье - пятым ребенком из двенадцати детей.,
"Когда человек погружает себя в новое место, он испытывает много новых изменений в своём понимании мира у окружающих его.","Когда человек погружается в новое место, он испытывает множество изменений в своём понимании мира и окружающих.","Когда человек погружает себя в новое место, он испытывает много новых изменений в своём понимании мира и окружающих его людей.","Когда человек погружает себя в новое место, он испытывает много новых изменений в своём понимании мира и окружающих его.","Когда человек погружает себя в новое место, он испытывает много новых изменений в своём понимании мира и окружающих его.",,,"Когда человек попадает в новое место, он испытывает много новых изменений в своём понимании мира и своих окружающих",
"Как известно, существуют разные определения культуры, но все их можно свести к тому, что исскуство - это база всех культур.","Как известно, существуют разные определения культуры, но все их можно свести к тому, что искусство — это основа всех культур.","Как известно, существуют разные определения культуры, но все их можно свести к тому, что искусство — это основа всех культур.","Как известно, существуют разные определения культуры, но все их можно свести к тому, что искусство - это база всех культур.","Как известно, существуют разные определения культуры, но все их можно свести к тому, что искусство - это база всех культур.",,,"Напишите абзац о понятии культуры, используя данную схему текста.&gt;. Как известно, существуют разные определения культуры, но все их можно свести к тому, что&gt; искусство - это фундамент всех культур.",
На стажировке мне была возможность рассматрывать действия и условий некоммерческих организаций (НКО).,На стажировке у меня была возможность рассматривать деятельность и условия работы некоммерческих организаций (НКО).,На стажировке у меня была возможность рассматривать действия и условия некоммерческих организаций (НКО).,На стажировке у меня была возможность рассматривать действия и условия некоммерческих организаций (НКО).,На стажировке у меня была возможность рассматривать действия и условия некоммерческих организаций (НКО).,,,Журнал: Что было самым интересным для вас на стажировке?&gt;. На стажировке у меня была возможность изучать деятельность и условия некоммерческих организаций НКО).,
"Мне кажется, что влияние времени на статью видно в тоне статьи.","Мне кажется, что влияние времени на статью видно по её тону.","Мне кажется, что влияние времени на статью видно в её тоне.","Мне кажется, что влияние времени на статью видно в тоне статьи. ","Мне кажется, что влияние времени на статью видно в тоне статьи.",,,"Мне кажется, что влияние времени на статью видно в настроении статьи.",
"Мы - рабы слов, потому что у нас нет другого способа комуникации, у нас нет другое, чего слушать или верить.","Мы — рабы слов, потому что у нас нет другого способа коммуникации, нам нечего больше слушать или во что верить.","Мы — рабы слов, потому что у нас нет другого способа коммуникации, у нас нет ничего другого, что можно слушать или во что верить.","Мы - рабы слов, потому что у нас нет другого способа коммуникации, у нас нет ничего другого, чему можно было бы слушать или верить.","Мы - рабы слов, потому что у нас нет другого способа коммуникации, у нас нет ничего другого, чего слушать или верить.",,,"Как вы понимаете фразу: «Мы рабы слов»?&gt;. Мы - рабы слов, потому что у нас нет другого способа коммуникации у нас нет другого источника чтобы слушать или чему верить",
"По моему мнению, я не вижу необходимости в употреблении ругательных слов в речи, но, к сожалению, сейчас куда не пойдешь их слышно везде: на улицах, в книгах, по телевизору, в песнях.","По моему мнению, я не вижу необходимости в употреблении ругательных слов в речи, но, к сожалению, сейчас куда ни пойдёшь — их слышно везде: на улицах, в книгах, по телевизору, в песнях.","По моему мнению, я не вижу необходимости в употреблении ругательных слов в речи, но, к сожалению, сейчас куда ни пойдёшь — их слышно везде: на улицах, в книгах, по телевизору, в песнях.","По моему мнению, я не вижу необходимости в употреблении ругательных слов в речи, но, к сожалению, сейчас куда ни пойдёшь, их слышно везде: на улицах, в книгах, по телевизору, в песнях.","По моему мнению, я не вижу необходимости в употреблении ругательных слов в речи, но, к сожалению, сейчас куда ни пойдешь, их слышно везде: на улицах, в книгах, по телевизору, в песнях.",,,"На мой взгляд, необходимости нет необходимости употреблять в речи ругательные слова к сожалению, сейчас куда не пойдешь их слышно везде: на улицах, в книгах, по телевизору, в песнях.",
"Меня очень интересует Бермудский треугольник и все сверхъестественные явления, которые там происходят.","Меня очень интересует Бермудский треугольник и все сверхъестественные явления, которые там происходят.","Меня очень интересует Бермудский треугольник и все сверхъестественные явления, которые там происходят.","Меня очень интересует Бермудский треугольник и все сверхъестественные явления, которые там происходят.","Меня очень интересует Бермудский треугольник и все сверхъестественные явления, которые там происходят.",,,"Меня очень интересует Бермудский треугольник и все сверхъестественные явления, которые там наблюдаются",
"Один из вопросов, рассматриваемых в работе, касается официальных осуждений советской авангардистских советских композиторов со стороны советской власти ири Сталине.","Один из вопросов, рассматриваемых в работе, касается официального осуждения советской властью при Сталине авангардистских композиторов.","Один из вопросов, рассматриваемых в работе, касается официальных осуждений советских авангардистских композиторов со стороны власти при Сталине.","Один из вопросов, рассматриваемых в работе, касается официальных осуждений советских авангардистских композиторов со стороны советской власти при Сталине.","Один из вопросов, рассматриваемых в работе, касается официальных осуждений советских авангардистских композиторов со стороны советской власти при Сталине.",,,"Используя предложенную схему, напишите о каком-либо вопросе, который вы обсуждаете в своей курсовой работе.&gt;. Один из вопросов, рассматриваемых в работе, касается официальных гонений на советских авангардных советских композиторов со стороны советской власти при Сталине.",
"МОЛОДЁЖНЫЕ СУБКУЛЬТУРЫ – разные группировки молодёжи, обладающие общностью стиля жизни, стиля поведения, групповых норм, ценностей и интересов.","Молодёжные субкультуры – это разные группировки молодёжи, обладающие общностью стиля жизни, поведения, групповых норм, ценностей и интересов.","Молодёжные субкультуры — разные группировки молодёжи, обладающие общностью стиля жизни, поведения, групповых норм, ценностей и интересов.","МОЛОДЁЖНЫЕ СУБКУЛЬТУРЫ – разные группировки молодёжи, обладающие общностью стиля жизни, стиля поведения, групповых норм, ценностей и интересов.","Молодежные субкультуры – разные группировки молодежи, обладающие общностью стиля жизни, стиля поведения, групповых норм, ценностей и интересов.",,,"Напишите небольшой текст молодёжные субкультуры» в жанре статьи для энциклопедического словаря или статьи для Википедии.&gt;. МОЛОДЁЖНЫЕ СУБКУЛЬТУРЫ разные группировки группы обладающие общностью стиля жизни, стиля поведения, групповых норм, ценностей и интересов.",
"Расследую вопрос, возможно ли жить в утопии, можно отметить что мне бы этого очень хотелось.","Рассматривая вопрос, возможно ли жить в утопии, могу отметить, что мне бы этого очень хотелось.","Расследуя вопрос, возможно ли жить в утопии, можно отметить, что мне бы этого очень хотелось.","Расследуя вопрос, возможно ли жить в утопии, можно отметить, что мне бы этого очень хотелось.","Рассматривая вопрос о возможности жизни в утопии, можно отметить, что мне бы этого очень хотелось.",,,"Исследуя вопрос, возможно ли жить в утопии, можно отметить что мне бы этого очень хотелось.",
"Самые главные человеческие потребности - это потребности в любви, дружбе, понятии от других людей, время отдыха, цели в жизни и стремление к улудшению себя и своей жизни.","Самые главные человеческие потребности - это потребность в любви, дружбе, понимании со стороны других людей, времени для отдыха, целях в жизни и стремлении к улучшению себя и своей жизни.","Самые главные человеческие потребности — это потребности в любви, дружбе, понимании от других людей, времени отдыха, цели в жизни и стремлении к улучшению себя и своей жизни.","Самые главные человеческие потребности - это потребности в любви, дружбе, понимании от других людей, время отдыха, цели в жизни и стремление к улучшению себя и своей жизни.","Самые главные человеческие потребности - это потребности в любви, дружбе, понимании от других людей, времени отдыха, цели в жизни и стремлении к улучшению себя и своей жизни.",,,"Какие человеческие потребности самые главные?&gt;. Самые главные человеческие потребности - это потребности в любви, дружбе, понимании от других людей, чтобы было время на отдых цель в жизни и стремление к совершенствованию себя и своей жизни.",
"Студенческий сленг занимается особое положение в речи, и отражает сознание и персону обучаемого.",Студенческий сленг занимает особое положение в речи и отражает сознание и личность обучающегося.,Студенческий сленг занимает особое положение в речи и отражает сознание и личность обучающегося.,Студенческий сленг занимает особое положение в речи и отражает сознание и персону обучаемого.,Студенческий сленг занимает особое положение в речи и отражает сознание и личность обучающегося.,,,"Студенческий сленг занимает особое положение в речи, и отражает сознание и личность учащегося",
"Мировое население ростет слишком быстро, а из этого неудобного факта приходят к человечестве много проблем.","Мировое население растёт слишком быстро, и из этого неудобного факта возникает множество проблем для человечества.","Мировое население растёт слишком быстро, и из этого неудобного факта человечеству приходит много проблем.","Мировое население растёт слишком быстро, и из этого неудобного факта приходят к человечеству много проблем.","Мировое население растет слишком быстро, и из-за этого неудобного факта у человечества возникает много проблем.",,,"Мировое население растет слишком быстро, а из этого неприятного факта вытекает множество проблем для человечества",
"Проблемы с загрязнением воды решаются не только на государственном уровне, но также с помощью общественных проектов.","Проблемы с загрязнением воды решаются не только на государственном уровне, но и с помощью общественных проектов.","Проблемы с загрязнением воды решаются не только на государственном уровне, но также с помощью общественных проектов.","Проблемы с загрязнением воды решаются не только на государственном уровне, но также с помощью общественных проектов.","Проблемы с загрязнением воды решаются не только на государственном уровне, но и с помощью общественных проектов.",,,"Проблемы с загрязнением воды решаются не только на государственном уровне, но и с помощью общественных проектов.",
Понятие для ребенка Деньги - это средство которые дается в обмен товара или услуги.,"Понятие ""деньги"" для ребёнка - это средство, которое даётся в обмен на товар или услугу.","Понятие «деньги» для ребёнка — это средство, которое даётся в обмен на товар или услугу.","Понятие для ребенка: ""Деньги - это средство, которое даётся в обмен на товар или услугу"".","Понятие денег для ребенка - это средство, которое дается в обмен на товар или услугу.",,,"Для ребенка понятие ""деньги"" - это средство, которые предоставляется  в в обмен на товары или услуги",
"Злоупотребление властью - кажется это происходит когда человек у которого есть власть или чиновник», независимо если эта власть в рамках государства, в рамках частности или в рамках личной жизнии, использует эту власть насильно из за личных мотивов.","Злоупотребление властью происходит, когда человек, обладающий властью (чиновник или любой другой), независимо от того, относится ли эта власть к государственной, частной или личной сфере, использует её в корыстных целях.","Злоупотребление властью — это, кажется, происходит, когда человек, у которого есть власть (например, чиновник), независимо от того, в рамках ли государства, частной сферы или личной жизни, использует эту власть насильно из-за личных мотивов.","Злоупотребление властью - кажется, это происходит, когда человек, у которого есть власть или чиновник, независимо от того, если эта власть в рамках государства, в рамках частности или в рамках личной жизни, использует эту власть насильно из-за личных мотивов.","Злоупотребление властью - это когда человек, обладающий властью (чиновник или нет), независимо от того, в каких рамках эта власть (государственных, частных или личных), использует ее насильно из личных мотивов.",,,"Как Вы понимаете, что такое злоупотребление властью?&gt;. Злоупотребление властью - кажется, это происходит, когда человек, у которого есть власть, или чиновник», независимо от того, если эта власть в рамках государства, в рамках частной собственности или в рамках личной жизни использует эту власть насильно из-за личных мотивов.",
"Писатели статьи считают, что избрание Барака Обамы президентом - продолжение процесс освобождения чёрных, который начался перед Американской гражданской войни.","Писатели статьи считают, что избрание Барака Обамы президентом - продолжение процесса освобождения чернокожих, который начался перед Гражданской войной в США.","Писатели статьи считают, что избрание Барака Обамы президентом — продолжение процесса освобождения чёрных, который начался перед Американской гражданской войной.","Писатели статьи считают, что избрание Барака Обамы президентом - продолжение процесса освобождения чёрных, который начался перед Американской гражданской войной.","Авторы статьи считают, что избрание Барака Обамы президентом - продолжение процесса освобождения чернокожих, который начался до Американской гражданской войны.",,,"Авторы статьи считают, что избрание Барака Обамы президентом - продолжение процесса освобождения чёрных, который начался перед Американской гражданской войной",
"В лекции рассматриваются вопросы женского образования, государственного авторитета над образованием, а также и рассматривается проблема борьбы классов.","В лекции рассматриваются вопросы женского образования, государственного контроля над образованием, а также проблема классовой борьбы.","В лекции рассматриваются вопросы женского образования, государственного авторитета над образованием, а также проблема борьбы классов.","В лекции рассматриваются вопросы женского образования, государственного авторитета над образованием, а также рассматривается проблема борьбы классов.","В лекции рассматриваются вопросы женского образования, государственного авторитета над образованием, а также проблема борьбы классов.",,,"В лекции рассматриваются вопросы женского образования, государственного авторитета над образованием, а также  рассматривается проблема борьбы классов.",
"В течение 40-50 лет Россия столкнется с двумя серьёзными проблемами, способными остановить сегодняшнее поступательное движение.","В течение 40-50 лет Россия столкнётся с двумя серьёзными проблемами, способными остановить её сегодняшнее поступательное развитие.","В течение 40–50 лет Россия столкнётся с двумя серьёзными проблемами, способными остановить сегодняшнее поступательное движение.","В течение 40-50 лет Россия столкнется с двумя серьёзными проблемами, способными остановить сегодняшнее поступательное движение.","В течение 40-50 лет Россия столкнется с двумя серьёзными проблемами, способными остановить сегодняшнее поступательное движение.",,,"В течение 40-50 лет Россия столкнется с двумя серьёзными проблемами, способными остановить сегодняшний прогресс  движение.",
"Это легче иметь дело с теми, кто говорит на иностранных языках, когда у вас какие-то общие слова.","Легче общаться с теми, кто говорит на иностранных языках, когда у вас есть общие слова.","Это легче — иметь дело с теми, кто говорит на иностранных языках, когда у вас есть какие-то общие слова.","Легче иметь дело с теми, кто говорит на иностранных языках, когда у вас есть общие слова.","Легче общаться с теми, кто говорит на иностранных языках, когда у вас есть общие слова.",,,Предложите один или два аргумента ЗА заимствование слов из иностранных языков.&gt;. Легче иметь дело с тем кто говорит на другом языке когда у вас есть какие-то общие слова.,
"Я согласен с Name после распада СССР отношение к национальности изменилось в более негативное русло, как в России так же и в странах СНГ.","Я согласен с [Name], что после распада СССР отношение к национальностям изменилось в негативную сторону, как в России, так и в странах СНГ.","Я согласен с Name: после распада СССР отношение к национальности изменилось в более негативное русло как в России, так и в странах СНГ.","Я согласен с Name, после распада СССР отношение к национальности изменилось в более негативное русло как в России, так и в странах СНГ.","Я согласен с Name: после распада СССР отношение к национальности изменилось в негативную сторону как в России, так и в странах СНГ.",,,"Я согласен с&lt; Name&gt;, после распада СССР отношение к национальности изменилось в более негативную сторону как в России так и в странах СНГ.",
В этом семестре я прослушивала курс по специальности под названием Коммуникация Предприятие.,"В этом семестре я прослушала курс по специальности под названием ""Корпоративные коммуникации"".",В этом семестре я прослушивала курс по специальности под названием «Коммуникация предприятия».,В этом семестре я прослушивала курс по специальности под названием «Коммуникация предприятия».,В этом семестре я прослушивала курс по специальности под названием «Коммуникация предприятия».,,,Опишите ваш курс по специальности.&gt;. В этом семестре я проходила курс по специальности под названием Коммуникация Предприятие.,
Сейчас в Америке политическая речь и политическое обсуждение не имеют никаких хороших аспектов.,Сейчас в Америке политическая риторика и политические дискуссии не содержат ничего конструктивного.,Сейчас в Америке политическая речь и политическое обсуждение не имеют никаких хороших аспектов.,Сейчас в Америке политическая речь и политическое обсуждение не имеют никаких хороших аспектов.,Сейчас в Америке политическая речь и политическое обсуждение не имеют положительных аспектов.,,,Сейчас в Америке речь о политике и обсуждение политики не имеют никакого смысла,
"Честно, я не знаю аргументы тех, кто имеет мнение, что государство страны должно разрешить мигрантам работать в стране нелегально.","Честно говоря, я не понимаю аргументов тех, кто считает, что государство должно разрешать мигрантам работать в стране нелегально.","Честно, я не знаю аргументов тех, кто считает, что государство должно разрешить мигрантам работать в стране нелегально.","Честно говоря, я не знаю аргументы тех, кто считает, что государство страны должно разрешить мигрантам работать в стране нелегально.","Честно говоря, я не знаю аргументов тех, кто считает, что государство должно разрешить мигрантам работать в стране нелегально.",,,"Честно, я не знаю аргументы тех, кто имеет мнение, что государство должно разрешить мигрантам работать в стране нелегально.",
Мoя курсовая работа была сосредоточена на популярных направлениях в советской кинокомедии.,Моя курсовая работа была посвящена популярным направлениям в советской кинокомедии.,Моя курсовая работа была сосредоточена на популярных направлениях в советской кинокомедии.,Моя курсовая работа была сосредоточена на популярных направлениях в советской кинокомедии.,Моя курсовая работа была сосредоточена на популярных направлениях советской кинокомедии.,,,Мoя курсовая работа была посвящена популярным направлениям советской кинокомедии.,
"Я думаю, что различия между западной Европой и Россией усугубились во время холодной войны во всех областях жизни, экономической, культурной, политической, и социальной областях.","Я думаю, что различия между Западной Европой и Россией усилились во время Холодной войны во всех сферах: экономической, культурной, политической и социальной.","Я думаю, что различия между Западной Европой и Россией усугубились во время холодной войны во всех областях жизни — экономической, культурной, политической и социальной.","Я думаю, что различия между западной Европой и Россией усугубились во время холодной войны во всех областях жизни: экономической, культурной, политической и социальной.","Я думаю, что различия между Западной Европой и Россией усугубились во время холодной войны во всех областях жизни: экономической, культурной, политической и социальной.",,,"Я думаю, что различия между западной Европой и Россией усилились во время холодной войны во всех областях жизни, экономической, культурной, политической и социальной .",
"Мысл текст предлагает, что в России есть проблема мигрантов, а есть несколько видов решений этой проблемы.","Основная мысль текста заключается в том, что в России существует проблема мигрантов, и предлагается несколько возможных решений этой проблемы.","Мысль текста предполагает, что в России есть проблема мигрантов, и есть несколько видов решений этой проблемы.","Текст предлагает, что в России есть проблема мигрантов, и есть несколько видов решений этой проблемы.","Текст предполагает, что в России есть проблема мигрантов, и существует несколько видов решений этой проблемы.",,," Главная мысль текста в том,  что в России есть проблема мигрантов, и есть несколько способов решения этой проблемы.",
"Лингвисти говорят, что измения в языке нормальные результаты отношений между людьми, говоряющими определённый язык, и контакт между разными культурами, которые говорят разные языки.","Лингвисты утверждают, что изменения в языке являются естественным результатом взаимодействия между носителями языка и контактов между разными культурами, говорящими на разных языках.","Лингвисты говорят, что изменения в языке — нормальные результаты отношений между людьми, говорящими на определённом языке, и контактов между разными культурами, которые говорят на разных языках.","Лингвисты говорят, что изменения в языке - нормальные результаты отношений между людьми, говорящими на определённом языке, и контакта между разными культурами, которые говорят на разных языках.","Лингвисты говорят, что изменения в языке — нормальный результат отношений между людьми, говорящими на определённом языке, и контакта между разными культурами, которые говорят на разных языках.",,,"Лингвисты говорят, что изменения в языке это естественный результат общения между людьми, говорящими на определённом языке и контакта между разными культурами, люди которых говорят на разных языках.",
"В начале 20 ого века пришло новое поколение талантливых поэтов, которые соединились под новым журналом из Чикага называющимся Поэтри».","В начале XX века появилось новое поколение талантливых поэтов, объединившихся вокруг нового чикагского журнала под названием ""Поэтри"".","В начале XX века пришло новое поколение талантливых поэтов, которые объединились под новым журналом из Чикаго, называющимся «Поэтри».","В начале 20-го века пришло новое поколение талантливых поэтов, которые соединились под новым журналом из Чикаго, называющимся «Поэтри».","В начале 20-го века пришло новое поколение талантливых поэтов, которые объединились вокруг нового журнала из Чикаго, называющегося «Поэтри».",,,"В начале 20 ого века пришло новое поколение талантливых поэтов, которых объединил новый журнал из Чикаго под названием Поэзия.",
"В настоящее время, в отличие от прошлого, военная способность и сила не единственные факторы, которые способствуют безопасности страны.","В современном мире, в отличие от прошлого, военная мощь и сила уже не являются единственными факторами, обеспечивающими безопасность страны.","В настоящее время, в отличие от прошлого, военная способность и сила — не единственные факторы, которые способствуют безопасности страны.","В настоящее время, в отличие от прошлого, военная способность и сила не являются единственными факторами, которые способствуют безопасности страны.","В настоящее время, в отличие от прошлого, военная способность и сила — не единственные факторы, которые способствуют безопасности страны.",,,"В настоящее время, в отличие от прошлого, военная мощь и сила не единственные факторы, которые обеспечивают безопасность страны.",
"Если речь идет о том, что я сейчас делаю на стажировке, то это то, что я хочу делать профессионально.","То, чем я сейчас занимаюсь на стажировке, как раз соответствует моим профессиональным устремлениям.","Если речь идёт о том, что я сейчас делаю на стажировке, то это именно то, что я хочу делать профессионально.","Если речь идёт о том, что я сейчас делаю на стажировке, то это то, что я хочу делать профессионально.","Если речь идёт о том, что я сейчас делаю на стажировке, то это то, что я хочу делать профессионально.",,,"Если речь идет о том, что я сейчас делаю на стажировке, то это то, чем я хочу заниматься профессионально.",
"Прочитав текст Ильфа и Петрова, сразу стается явным, жизнь негров была очень тяжкая.","После прочтения текста Ильфа и Петрова становится очевидным, насколько тяжелой была жизнь чернокожих.","Прочитав текст Ильфа и Петрова, сразу становится явным, что жизнь негров была очень тяжёлой.","Прочитав текст Ильфа и Петрова, сразу становится явным, что жизнь негров была очень тяжёлой.","Прочитав текст Ильфа и Петрова, сразу становится ясным, что жизнь негров была очень тяжёлой.",,,"После прочтения текста Ильфа и Петрова сразу становится ясным, что жизнь негров была очень тяжкой.",
"Заимствование слов - нормальный языковой процесс, которые не ухудшает язык, а наборот делает его более богачит.","Заимствование слов - естественный языковой процесс, который не ухудшает язык, а наоборот, обогащает его.","Заимствование слов — нормальный языковой процесс, который не ухудшает язык, а наоборот делает его богаче.","Заимствование слов - нормальный языковой процесс, который не ухудшает язык, а наоборот делает его более богатым.","Заимствование слов — нормальный языковой процесс, который не ухудшает язык, а наоборот делает его богаче.",,,"Заимствование слов - нормальный языковой процесс, который не портит язык, а наоборот делает его богаче.",
"Чтобы показать изменение в картине мира русских, Е. Я. Шмелёва проводит словосочитание успешный человек».","Для демонстрации изменений в картине мира русских Е. Я. Шмелёва анализирует словосочетание ""успешный человек"".","Чтобы показать изменение в картине мира русских, Е. Я. Шмелёва приводит словосочетание «успешный человек».","Чтобы показать изменение в картине мира русских, Е. Я. Шмелёва проводит словосочетание «успешный человек».","Чтобы показать изменение в картине мира русских, Е. Я. Шмелёва приводит словосочетание «успешный человек».",,,"Чтобы показать изменение в картине мира русских, Е. Я. Шмелёва приводит словосочетание ""успешный человек"".",
"Я сама никогда не сталкивалась с страшными или сильными антиамериканскими чувствами, но я часто замечаю маленькие, почти невидимые стереотипы американцев.","Лично я никогда не сталкивалась с открытой антиамериканской враждебностью, но часто замечаю мелкие, почти незаметные стереотипы об американцах.","Я сама никогда не сталкивалась с страшными или сильными антиамериканскими чувствами, но часто замечаю маленькие, почти невидимые стереотипы о американцах.","Я сама никогда не сталкивалась с страшными или сильными антиамериканскими чувствами, но я часто замечаю маленькие, почти невидимые стереотипы об американцах.","Я сама никогда не сталкивалась со страшными или сильными антиамериканскими чувствами, но я часто замечаю маленькие, почти невидимые стереотипы об американцах.",,,"Я сама никогда не сталкивалась с серьёзными или сильными антиамериканскими настроениями, но я часто замечаю почти невидимые стереотипы.",
Моя гипотеза: образование в университете не приготавливало человека к трудностям настоящей жизни.,Моя гипотеза: университетское образование не готовило человека к трудностям реальной жизни.,Моя гипотеза: образование в университете не готовило человека к трудностям настоящей жизни.,Моя гипотеза: образование в университете не подготовило человека к трудностям настоящей жизни.,Моя гипотеза: образование в университете не готовит человека к трудностям настоящей жизни.,,,Моя гипотеза: учеба в университете не подготавливает человека к трудностям настоящей жизни.,
Опустынивание морей - проблема запущенная человеком.,"Опустынивание морей - проблема, созданная человеком.","Опустынивание морей — проблема, вызванная человеком.","Опустынивание морей - проблема, запущенная человеком.","Опустынивание морей — проблема, запущенная человеком.",,,"Опустынивание морей - процесс, запущенный человеком.",
"На мой взгляд, в России будут перемены, страна будет подтягиваться под современный мир.","На мой взгляд, в России будут перемены, страна будет подтягиваться к современному миру.","На мой взгляд, в России будут перемены, страна будет подтягиваться к современному миру.","На мой взгляд, в России будут перемены, страна будет подтягиваться к современному миру.","На мой взгляд, в России будут перемены, страна будет подтягиваться к современному миру.",,,"На мой взгляд, в России будут перемены, страна будет подстраиваться под современный мир.",
"Уважаемый Игорь Николаевич, Сказали мне, что вы интересуетесь обучением на моем факультете, а поэтому я пишу вам, чтобы излагать информацию о филологическом факультете Санкт- Петерсбургского государственного университета.","Уважаемый Игорь Николаевич, мне сказали, что вы интересуетесь обучением на моём факультете, поэтому я пишу вам, чтобы рассказать о филологическом факультете Санкт-Петербургского государственного университета.","Уважаемый Игорь Николаевич, мне сказали, что вы интересуетесь обучением на моем факультете, и поэтому я пишу вам, чтобы изложить информацию о филологическом факультете Санкт-Петербургского государственного университета.","Уважаемый Игорь Николаевич, мне сказали, что вы интересуетесь обучением на моём факультете, а поэтому я пишу вам, чтобы изложить информацию о филологическом факультете Санкт-Петербургского государственного университета.","Уважаемый Игорь Николаевич! Сказали мне, что вы интересуетесь обучением на моем факультете, а поэтому я пишу вам, чтобы изложить информацию о филологическом факультете Санкт-Петербургского государственного университета.",,,"Уважаемый Игорь Николаевич, мне сказали, что вы интересуетесь обучением на моем факультете, и поэтому я пишу вам, чтобы изложить информацию о филологическом факультете Санкт- Петерсбургского государственного университета.",
"Текст говорится о том, какие есть негативные и положительные ассоциации для идеи гетто», и если есть гетто в городе, хорошо ли это или плохо.","В тексте говорится о том, какие есть негативные и положительные ассоциации у идеи гетто, и если гетто есть в городе, хорошо это или плохо.","Текст говорится о том, какие негативные и положительные ассоциации вызывает идея «гетто», и если гетто существует в городе, то хорошо ли это или плохо.","Текст говорит о том, какие есть негативные и положительные ассоциации с идеей «гетто», и если есть гетто в городе, хорошо ли это или плохо.","Текст говорит о том, какие есть негативные и положительные ассоциации с идеей «гетто», и если есть гетто в городе, хорошо это или плохо.",,,"В тексте говорится о том, какие есть отрицательные и положительные ассоциации с идеей гетто, и если есть гетто в городе, хорошо это или плохо.",
Благосостояние русского рабочего при поздней царской власти не хватило.,Благосостояние русского рабочего при поздней царской власти было недостаточным.,Благосостояния русского рабочего при поздней царской власти не хватало.,Благосостояние русского рабочего при поздней царской власти было недостаточным.,Благосостояния русского рабочего при поздней царской власти не хватало.,,,Благосостояние русского рабочего при поздней царской власти было недостаточным.,
бюрократия: это политическое событие когда во власте становится одна группа людей которые издают свои правела которые хороши для одной групы людей а не для другой.,"Бюрократия: это политическое явление, когда во власти оказывается одна группа людей, которая устанавливает свои правила, выгодные только одной группе, а не другой.","Бюрократия — это политическое явление, когда у власти оказывается одна группа людей, которая издает свои правила, подходящие только для этой группы, а не для других.","Бюрократия: это политическое явление, когда во власти становится одна группа людей, которые издают свои правила, которые хороши для одной группы людей, а не для другой.","Бюрократия: это политическое явление, когда во власти становится одна группа людей, которые издают свои правила, хорошие для одной группы людей, а не для другой.",,,"бюрократия: это политическое событие, когда к власти приходит одна группа людей, которая издает свои правила, которые хороши для одной группы людей, но не для другой.",
"Когда мы слушаем фразу устойчивое развитие», часто хочется думать только о окружающих средах.","Когда мы слышим фразу ""устойчивое развитие"", часто хочется думать только об окружающей среде.","Когда мы слышим фразу «устойчивое развитие», часто хочется думать только об окружающих средах.","Когда мы слышим фразу ""устойчивое развитие"", часто хочется думать только об окружающей среде.","Когда мы слышим фразу «устойчивое развитие», часто хочется думать только об окружающей среде.",,,"Когда мы слышим фразу ""устойчивое развитие"", часто хочется думать только об окружающей среде.",
"С какой то стороны, общественное телевидение не самый лучший способ донесения информации (говорю о России, не о других стран).","С одной стороны, общественное телевидение не самый лучший способ донесения информации (я говорю о России, не о других странах).","С какой-то стороны, общественное телевидение — не самый лучший способ донесения информации (говорю о России, не о других странах).","С какой-то стороны, общественное телевидение - не самый лучший способ донесения информации (говорю о России, не о других странах).","С какой-то стороны, общественное телевидение не самый лучший способ донесения информации (говорю о России, не о других странах).",,,"С одной стороны, общественное телевидение не самый лучший способ донесения информации, я говорю о России, не о других стран.",
" Свет своих образования и идеалов спасли декабристы от мрака тюрьмы, и они принесли просвещения другим заключенным.",Свет своих знаний и идеалов декабристы сохранили даже в мраке тюрьмы и несли просвещение другим заключённым.,"Свет своих знаний и идеалов спасли декабристы от мрака тюрьмы, и они принесли просвещение другим заключенным.","Свет своих знаний и идеалов спас декабристов от мрака тюрьмы, и они принесли просвещение другим заключенным.","Свет своих образования и идеалов спасал декабристов от мрака тюрьмы, и они принесли просвещение другим заключенным.",,,"Свет их образования и идеалов спас декабристов от мрака тюрьмы, и они принесли просвещение другим заключенным.",
"Когда мальчик родилась 5 августа 1905 в Мюнхене, некто думал, что он станет звездой экономической сферы.","Когда мальчик родился 5 августа 1905 года в Мюнхене, никто не думал, что он станет звездой экономической сферы.","Когда мальчик родился 5 августа 1905 года в Мюнхене, никто не думал, что он станет звездой экономической сферы.","Когда мальчик родился 5 августа 1905 года в Мюнхене, никто не думал, что он станет звездой экономической сферы.","Когда мальчик родился 5 августа 1905 года в Мюнхене, никто не думал, что он станет звездой экономической сферы.",,,"На основании прослушанного выступления, напишите биографию ученого.&gt;. Когда мальчик родился 5 августа 1905 в Мюнхене, никто не думал что он станет звездой экономической сферы.",
Санкт-Петербургский университет был обоснован 28 января 1724 г.,Санкт-Петербургский университет был основан 28 января 1724 года.,Санкт-Петербургский университет был основан 28 января 1724 года.,Санкт-Петербургский университет был основан 28 января 1724 г.,Санкт-Петербургский университет был основан 28 января 1724 года.,,,Санкт-Петербургский университет был основан 28 января 1724 г.,
"Мне само интересно калька, то есть слова или фразы, переведённые из английского из морфем, а не из значения, например слова ""подставить"" и ""бабки"".","Мне самому интересна калька, то есть слова или фразы, переведённые из английского по морфемам, а не по значению, например, слова ""подставить"" и ""бабки"".","Мне интересно узнать о кальках, то есть словах или фразах, переведённых из английского через морфемы, а не через значение, например, слова ""подставить"" и ""бабки"".","Мне самой интересна калька, то есть слова или фразы, переведенные из английского по морфемам, а не по значению, например, слова ""подставить"" и ""бабки"".","Мне самой интересна калька, то есть слова или фразы, переведённые с английского из морфем, а не из значения, например, слова ""подставить"" и ""бабки"".",,,"Мне самой интересны кальки, то есть слова или фразы, переведённые с английского буквально, а не в соотвествие со значением, например слова ""подставить"" и ""бабки"".",
"Хотя русские яблоки маленькие, с первого куска вы чувствуете привкус лета.","Хотя русские яблоки маленькие, с первого кусочка вы чувствуете привкус лета.","Хотя русские яблоки маленькие, с первого куска чувствуешь привкус лета.","Хотя русские яблоки маленькие, с первого куска вы чувствуете привкус лета.","Хотя русские яблоки маленькие, с первого куска вы чувствуете вкус лета.",,,"А теперь напишите рекламу яблок, продающихся в вашем магазине!&gt;. Хотя русские яблоки маленькие, с первого кусочка вы чувствуете вкус лета.",
"Кочегар – это пожарник – то, кто тушит пожары.","Кочегар – это не пожарник, а тот, кто работает с котлами.","Кочегар — это не пожарник, а тот, кто топит печи.","Кочегар - это не пожарник, это тот, кто топит печи.","Кочегар – это тот, кто поддерживает огонь в печи, а не пожарник – тот, кто тушит пожары.",,,"кочегар - это рабочий, осуществляющий подачу твёрдого топлива в топку печи",
"Я считаю, что для каждго человека существует несколько понятий слоава граница и у каждого они немного отличаются.","Я считаю, что для каждого человека существует несколько понятий слова ""граница"", и у каждого они немного отличаются.","Я считаю, что для каждого человека существует несколько понятий слова «граница», и у каждого они немного отличаются.","Я считаю, что для каждого человека существует несколько понятий слова ""граница"", и у каждого они немного отличаются.","Я считаю, что для каждого человека существует несколько понятий слова «граница», и у каждого они немного отличаются.",,," Я считаю, что для каждого человека существует несколько значений слова граница и у каждого они немного отличаются.",
"По-моему, автор недоволен тем, как современное общество относится к успеху, и как некоторые люди стараются определить для всех, что такое успех, когда это понятие не поддающееся описанию.","По-моему, автор недоволен тем, как современное общество относится к успеху, и тем, что некоторые люди пытаются определить для всех, что такое успех, хотя это понятие не поддаётся точному описанию.","По-моему, автор недоволен тем, как современное общество относится к успеху, и как некоторые люди пытаются определить для всех, что такое успех, хотя это понятие не поддаётся чёткому описанию.","По-моему, автор недоволен тем, как современное общество относится к успеху, и как некоторые люди стараются определить для всех, что такое успех, когда это понятие не поддается описанию.","По-моему, автор недоволен тем, как современное общество относится к успеху, и как некоторые люди стараются определить для всех, что такое успех, когда это понятие не поддаётся описанию.",,,"По-моему, автор недоволен тем, как современное общество относится к успеху, и тем что некоторые люди стараются определить для всех, что такое успех, когда это понятие не поддается описанию.",
,,,,,,,,
106 120  12  47 80  75  46  11  112  48  23 28 96  31  55 118 2  42  18  39 ,,,,,,,,
,,,,,15.767191,20.918938,17.201633,193.615129
,,,,,29.552244,18.043501,48.824440,195.122053
,,,,,25.282810,22.230478,22.230478,195.787399
,,,,,28.694855,41.436260,35.844265,196.543343
,,,,,21.437162,17.393761,17.225018,201.532317
,,,,,29.500460,24.331900,10.320005,202.125652
,,,,,27.939039,27.943668,17.607038,205.419102
,,,,,14.805585,35.616737,23.630907,207.168818
,,,,,16.373159,26.013000,23.328018,210.126371
,,,,,19.383741,17.886339,19.814854,216.883430
,,,,,51.591415,45.193245,45.193245,223.131153
,,,,,22.207293,20.826567,20.856659,223.246328
,,,,,34.773888,33.468632,47.422997,236.973063
,,,,,33.396351,23.711006,15.818900,239.244893
,,,,,33.367645,33.367645,38.250984,250.035544
,,,,,26.786789,25.667759,26.786789,251.344112
,,,,,45.369965,45.369965,45.369965,269.849823
,,,,,55.537178,55.537178,55.537178,307.040764
,,,,,59.106869,59.106869,59.106869,335.534344